[
{
 "model": "oidc_provider.client",
 "pk": 1,
 "fields": {
  "name": "outline",
  "owner": null,
  "client_type": "confidential",
  "client_id": "050984",
  "client_secret": "c4b09a6cc83fa7c09eeb2ffff66d21eafec12bc78eb3b50d6d02e9fdd8eeecd9",
  "jwt_alg": "RS256",
  "date_created": "2022-02-15",
  "website_url": "",
  "terms_url": "",
  "contact_email": "",
  "logo": "",
  "reuse_consent": true,
  "require_consent": true,
  "_redirect_uris": "http://127.0.0.1:8888/auth/oidc.callback",
  "_post_logout_redirect_uris": "",
  "_scope": "",
  "response_types": [
   1,
   2,
   3,
   4,
   5,
   6
  ]
 }
}
]
